path,line
kanzi.Global,188
kanzi.bitstream.DefaultOutputBitStream,172
kanzi.entropy.ANSRangeEncoder,295
kanzi.entropy.ANSRangeEncoder,296
kanzi.entropy.ANSRangeEncoder,297
kanzi.entropy.ANSRangeEncoder,298
kanzi.entropy.ANSRangeEncoder,299
kanzi.entropy.CMPredictor,41
kanzi.entropy.CMPredictor,42
kanzi.entropy.CMPredictor,43
kanzi.entropy.CMPredictor,44
kanzi.entropy.CMPredictor,45
kanzi.entropy.CMPredictor,47
kanzi.entropy.CMPredictor,49
kanzi.entropy.CMPredictor,51
kanzi.entropy.CMPredictor,53
kanzi.entropy.CMPredictor,54
kanzi.entropy.CMPredictor,57
kanzi.entropy.CMPredictor,58
kanzi.entropy.CMPredictor,60
kanzi.entropy.CMPredictor,67
kanzi.entropy.CMPredictor,68
kanzi.entropy.CMPredictor,69
kanzi.entropy.CMPredictor,71
kanzi.entropy.CMPredictor,73
kanzi.entropy.CMPredictor,74
kanzi.entropy.CMPredictor,75
kanzi.entropy.CMPredictor,76
kanzi.entropy.CMPredictor,80
kanzi.entropy.CMPredictor,81
kanzi.entropy.CMPredictor,82
kanzi.entropy.CMPredictor,83
kanzi.entropy.CMPredictor,84
kanzi.entropy.CMPredictor,87
kanzi.entropy.CMPredictor,89
kanzi.entropy.CMPredictor,90
kanzi.entropy.CMPredictor,91
kanzi.entropy.CMPredictor,92
kanzi.entropy.CMPredictor,94
kanzi.entropy.CMPredictor,101
kanzi.entropy.CMPredictor,102
kanzi.entropy.CMPredictor,103
kanzi.entropy.CMPredictor,104
kanzi.entropy.CMPredictor,105
kanzi.entropy.CMPredictor,106
kanzi.entropy.CMPredictor,107
kanzi.entropy.CMPredictor,108
kanzi.entropy.EntropyCodecFactory,89
kanzi.entropy.EntropyCodecFactory,92
kanzi.entropy.EntropyCodecFactory,95
kanzi.entropy.EntropyCodecFactory,98
kanzi.entropy.EntropyCodecFactory,101
kanzi.entropy.EntropyCodecFactory,104
kanzi.entropy.EntropyCodecFactory,107
kanzi.entropy.EntropyCodecFactory,110
kanzi.entropy.EntropyCodecFactory,166
kanzi.entropy.EntropyCodecFactory,169
kanzi.entropy.EntropyCodecFactory,172
kanzi.entropy.EntropyCodecFactory,175
kanzi.entropy.EntropyCodecFactory,178
kanzi.entropy.EntropyCodecFactory,181
kanzi.entropy.EntropyCodecFactory,187
kanzi.entropy.EntropyCodecFactory,190
kanzi.entropy.EntropyUtils,55
kanzi.entropy.EntropyUtils,56
kanzi.entropy.EntropyUtils,57
kanzi.entropy.EntropyUtils,144
kanzi.entropy.EntropyUtils,146
kanzi.entropy.EntropyUtils,147
kanzi.entropy.EntropyUtils,150
kanzi.entropy.EntropyUtils,234
kanzi.entropy.ExpGolombEncoder,24
kanzi.entropy.ExpGolombEncoder,74
kanzi.entropy.ExpGolombEncoder,75
kanzi.entropy.ExpGolombEncoder,78
kanzi.entropy.ExpGolombEncoder,79
kanzi.entropy.ExpGolombEncoder,80
kanzi.entropy.ExpGolombEncoder,81
kanzi.entropy.ExpGolombEncoder,107
kanzi.entropy.ExpGolombEncoder,110
kanzi.entropy.ExpGolombEncoder,111
kanzi.entropy.ExpGolombEncoder,114
kanzi.entropy.ExpGolombEncoder,115
kanzi.entropy.ExpGolombEncoder,116
kanzi.entropy.FPAQEncoder,47
kanzi.entropy.FPAQEncoder,48
kanzi.entropy.FPAQEncoder,51
kanzi.entropy.FPAQEncoder,52
kanzi.entropy.FPAQEncoder,53
kanzi.entropy.FPAQEncoder,54
kanzi.entropy.FPAQEncoder,55
kanzi.entropy.FPAQEncoder,56
kanzi.entropy.FPAQEncoder,58
kanzi.entropy.FPAQEncoder,59
kanzi.entropy.FPAQEncoder,60
kanzi.entropy.FPAQEncoder,66
kanzi.entropy.FPAQEncoder,69
kanzi.entropy.FPAQEncoder,72
kanzi.entropy.FPAQEncoder,73
kanzi.entropy.FPAQEncoder,74
kanzi.entropy.FPAQEncoder,76
kanzi.entropy.FPAQEncoder,84
kanzi.entropy.FPAQEncoder,86
kanzi.entropy.FPAQEncoder,88
kanzi.entropy.FPAQEncoder,89
kanzi.entropy.FPAQEncoder,91
kanzi.entropy.FPAQEncoder,92
kanzi.entropy.FPAQEncoder,93
kanzi.entropy.FPAQEncoder,95
kanzi.entropy.FPAQEncoder,97
kanzi.entropy.FPAQEncoder,98
kanzi.entropy.FPAQEncoder,99
kanzi.entropy.FPAQEncoder,100
kanzi.entropy.FPAQEncoder,101
kanzi.entropy.FPAQEncoder,102
kanzi.entropy.FPAQEncoder,103
kanzi.entropy.FPAQEncoder,104
kanzi.entropy.FPAQEncoder,105
kanzi.entropy.FPAQEncoder,106
kanzi.entropy.FPAQEncoder,107
kanzi.entropy.FPAQEncoder,110
kanzi.entropy.FPAQEncoder,111
kanzi.entropy.FPAQEncoder,112
kanzi.entropy.FPAQEncoder,114
kanzi.entropy.FPAQEncoder,116
kanzi.entropy.FPAQEncoder,118
kanzi.entropy.FPAQEncoder,126
kanzi.entropy.FPAQEncoder,129
kanzi.entropy.FPAQEncoder,131
kanzi.entropy.FPAQEncoder,132
kanzi.entropy.FPAQEncoder,136
kanzi.entropy.FPAQEncoder,137
kanzi.entropy.FPAQEncoder,141
kanzi.entropy.FPAQEncoder,142
kanzi.entropy.FPAQEncoder,143
kanzi.entropy.FPAQEncoder,148
kanzi.entropy.FPAQEncoder,149
kanzi.entropy.FPAQEncoder,150
kanzi.entropy.FPAQEncoder,151
kanzi.entropy.FPAQEncoder,152
kanzi.entropy.FPAQEncoder,165
kanzi.entropy.FPAQEncoder,168
kanzi.entropy.FPAQEncoder,169
kanzi.entropy.FPAQEncoder,170
kanzi.entropy.HuffmanCommon,30
kanzi.entropy.HuffmanCommon,32
kanzi.entropy.HuffmanCommon,34
kanzi.entropy.HuffmanCommon,36
kanzi.entropy.HuffmanCommon,38
kanzi.entropy.HuffmanCommon,41
kanzi.entropy.HuffmanCommon,44
kanzi.entropy.HuffmanCommon,46
kanzi.entropy.HuffmanCommon,48
kanzi.entropy.HuffmanCommon,49
kanzi.entropy.HuffmanCommon,51
kanzi.entropy.HuffmanCommon,53
kanzi.entropy.HuffmanCommon,54
kanzi.entropy.HuffmanCommon,58
kanzi.entropy.HuffmanCommon,59
kanzi.entropy.HuffmanCommon,61
kanzi.entropy.HuffmanCommon,63
kanzi.entropy.HuffmanCommon,65
kanzi.entropy.HuffmanCommon,67
kanzi.entropy.HuffmanCommon,68
kanzi.entropy.HuffmanCommon,71
kanzi.entropy.HuffmanCommon,72
kanzi.entropy.HuffmanCommon,75
kanzi.entropy.HuffmanEncoder,42
kanzi.entropy.HuffmanEncoder,43
kanzi.entropy.HuffmanEncoder,49
kanzi.entropy.HuffmanEncoder,50
kanzi.entropy.HuffmanEncoder,53
kanzi.entropy.HuffmanEncoder,56
kanzi.entropy.HuffmanEncoder,59
kanzi.entropy.HuffmanEncoder,60
kanzi.entropy.HuffmanEncoder,61
kanzi.entropy.HuffmanEncoder,62
kanzi.entropy.HuffmanEncoder,63
kanzi.entropy.HuffmanEncoder,64
kanzi.entropy.HuffmanEncoder,65
kanzi.entropy.HuffmanEncoder,66
kanzi.entropy.HuffmanEncoder,69
kanzi.entropy.HuffmanEncoder,71
kanzi.entropy.HuffmanEncoder,72
kanzi.entropy.HuffmanEncoder,73
kanzi.entropy.HuffmanEncoder,75
kanzi.entropy.HuffmanEncoder,81
kanzi.entropy.HuffmanEncoder,84
kanzi.entropy.HuffmanEncoder,86
kanzi.entropy.HuffmanEncoder,88
kanzi.entropy.HuffmanEncoder,89
kanzi.entropy.HuffmanEncoder,91
kanzi.entropy.HuffmanEncoder,92
kanzi.entropy.HuffmanEncoder,95
kanzi.entropy.HuffmanEncoder,96
kanzi.entropy.HuffmanEncoder,100
kanzi.entropy.HuffmanEncoder,102
kanzi.entropy.HuffmanEncoder,105
kanzi.entropy.HuffmanEncoder,106
kanzi.entropy.HuffmanEncoder,111
kanzi.entropy.HuffmanEncoder,115
kanzi.entropy.HuffmanEncoder,116
kanzi.entropy.HuffmanEncoder,118
kanzi.entropy.HuffmanEncoder,120
kanzi.entropy.HuffmanEncoder,121
kanzi.entropy.HuffmanEncoder,125
kanzi.entropy.HuffmanEncoder,126
kanzi.entropy.HuffmanEncoder,127
kanzi.entropy.HuffmanEncoder,130
kanzi.entropy.HuffmanEncoder,133
kanzi.entropy.HuffmanEncoder,134
kanzi.entropy.HuffmanEncoder,135
kanzi.entropy.HuffmanEncoder,138
kanzi.entropy.HuffmanEncoder,139
kanzi.entropy.HuffmanEncoder,143
kanzi.entropy.HuffmanEncoder,145
kanzi.entropy.HuffmanEncoder,146
kanzi.entropy.HuffmanEncoder,147
kanzi.entropy.HuffmanEncoder,148
kanzi.entropy.HuffmanEncoder,149
kanzi.entropy.HuffmanEncoder,152
kanzi.entropy.HuffmanEncoder,158
kanzi.entropy.HuffmanEncoder,160
kanzi.entropy.HuffmanEncoder,161
kanzi.entropy.HuffmanEncoder,162
kanzi.entropy.HuffmanEncoder,163
kanzi.entropy.HuffmanEncoder,167
kanzi.entropy.HuffmanEncoder,168
kanzi.entropy.HuffmanEncoder,170
kanzi.entropy.HuffmanEncoder,172
kanzi.entropy.HuffmanEncoder,174
kanzi.entropy.HuffmanEncoder,175
kanzi.entropy.HuffmanEncoder,180
kanzi.entropy.HuffmanEncoder,181
kanzi.entropy.HuffmanEncoder,182
kanzi.entropy.HuffmanEncoder,184
kanzi.entropy.HuffmanEncoder,186
kanzi.entropy.HuffmanEncoder,188
kanzi.entropy.HuffmanEncoder,191
kanzi.entropy.HuffmanEncoder,192
kanzi.entropy.HuffmanEncoder,194
kanzi.entropy.HuffmanEncoder,196
kanzi.entropy.HuffmanEncoder,201
kanzi.entropy.HuffmanEncoder,203
kanzi.entropy.HuffmanEncoder,205
kanzi.entropy.HuffmanEncoder,207
kanzi.entropy.HuffmanEncoder,209
kanzi.entropy.HuffmanEncoder,210
kanzi.entropy.HuffmanEncoder,211
kanzi.entropy.HuffmanEncoder,212
kanzi.entropy.HuffmanEncoder,215
kanzi.entropy.HuffmanEncoder,217
kanzi.entropy.HuffmanEncoder,218
kanzi.entropy.HuffmanEncoder,220
kanzi.entropy.HuffmanEncoder,223
kanzi.entropy.HuffmanEncoder,225
kanzi.entropy.HuffmanEncoder,230
kanzi.entropy.HuffmanEncoder,231
kanzi.entropy.HuffmanEncoder,232
kanzi.entropy.HuffmanEncoder,233
kanzi.entropy.HuffmanEncoder,235
kanzi.entropy.HuffmanEncoder,237
kanzi.entropy.HuffmanEncoder,239
kanzi.entropy.HuffmanEncoder,240
kanzi.entropy.HuffmanEncoder,242
kanzi.entropy.HuffmanEncoder,243
kanzi.entropy.HuffmanEncoder,245
kanzi.entropy.HuffmanEncoder,246
kanzi.entropy.HuffmanEncoder,248
kanzi.entropy.HuffmanEncoder,249
kanzi.entropy.HuffmanEncoder,250
kanzi.entropy.HuffmanEncoder,251
kanzi.entropy.HuffmanEncoder,252
kanzi.entropy.HuffmanEncoder,259
kanzi.entropy.HuffmanEncoder,262
kanzi.entropy.HuffmanEncoder,265
kanzi.entropy.HuffmanEncoder,266
kanzi.entropy.HuffmanEncoder,268
kanzi.entropy.HuffmanEncoder,271
kanzi.entropy.HuffmanEncoder,272
kanzi.entropy.HuffmanEncoder,274
kanzi.entropy.HuffmanEncoder,277
kanzi.entropy.HuffmanEncoder,278
kanzi.entropy.HuffmanEncoder,281
kanzi.entropy.HuffmanEncoder,282
kanzi.entropy.HuffmanEncoder,283
kanzi.entropy.HuffmanEncoder,285
kanzi.entropy.HuffmanEncoder,288
kanzi.entropy.HuffmanEncoder,289
kanzi.entropy.HuffmanEncoder,290
kanzi.entropy.HuffmanEncoder,291
kanzi.entropy.HuffmanEncoder,292
kanzi.entropy.HuffmanEncoder,293
kanzi.entropy.HuffmanEncoder,294
kanzi.entropy.HuffmanEncoder,295
kanzi.entropy.HuffmanEncoder,296
kanzi.entropy.HuffmanEncoder,297
kanzi.entropy.HuffmanEncoder,298
kanzi.entropy.HuffmanEncoder,299
kanzi.entropy.HuffmanEncoder,300
kanzi.entropy.HuffmanEncoder,303
kanzi.entropy.HuffmanEncoder,305
kanzi.entropy.HuffmanEncoder,306
kanzi.entropy.HuffmanEncoder,309
kanzi.entropy.HuffmanEncoder,310
kanzi.entropy.HuffmanEncoder,312
kanzi.entropy.HuffmanEncoder,326
kanzi.entropy.LogisticAdaptiveProbMap,31
kanzi.entropy.LogisticAdaptiveProbMap,32
kanzi.entropy.LogisticAdaptiveProbMap,33
kanzi.entropy.LogisticAdaptiveProbMap,34
kanzi.entropy.LogisticAdaptiveProbMap,36
kanzi.entropy.LogisticAdaptiveProbMap,37
kanzi.entropy.LogisticAdaptiveProbMap,39
kanzi.entropy.LogisticAdaptiveProbMap,40
kanzi.entropy.LogisticAdaptiveProbMap,41
kanzi.entropy.LogisticAdaptiveProbMap,48
kanzi.entropy.LogisticAdaptiveProbMap,49
kanzi.entropy.LogisticAdaptiveProbMap,50
kanzi.entropy.LogisticAdaptiveProbMap,51
kanzi.entropy.LogisticAdaptiveProbMap,54
kanzi.entropy.LogisticAdaptiveProbMap,57
kanzi.entropy.LogisticAdaptiveProbMap,58
kanzi.entropy.RangeEncoder,51
kanzi.entropy.RangeEncoder,52
kanzi.entropy.RangeEncoder,58
kanzi.entropy.RangeEncoder,59
kanzi.entropy.RangeEncoder,62
kanzi.entropy.RangeEncoder,65
kanzi.entropy.RangeEncoder,68
kanzi.entropy.RangeEncoder,72
kanzi.entropy.RangeEncoder,73
kanzi.entropy.RangeEncoder,74
kanzi.entropy.RangeEncoder,75
kanzi.entropy.RangeEncoder,76
kanzi.entropy.RangeEncoder,77
kanzi.entropy.RangeEncoder,78
kanzi.entropy.RangeEncoder,83
kanzi.entropy.RangeEncoder,86
kanzi.entropy.RangeEncoder,88
kanzi.entropy.RangeEncoder,90
kanzi.entropy.RangeEncoder,93
kanzi.entropy.RangeEncoder,94
kanzi.entropy.RangeEncoder,97
kanzi.entropy.RangeEncoder,98
kanzi.entropy.RangeEncoder,104
kanzi.entropy.RangeEncoder,106
kanzi.entropy.RangeEncoder,109
kanzi.entropy.RangeEncoder,112
kanzi.entropy.RangeEncoder,113
kanzi.entropy.RangeEncoder,114
kanzi.entropy.RangeEncoder,116
kanzi.entropy.RangeEncoder,117
kanzi.entropy.RangeEncoder,120
kanzi.entropy.RangeEncoder,122
kanzi.entropy.RangeEncoder,123
kanzi.entropy.RangeEncoder,124
kanzi.entropy.RangeEncoder,127
kanzi.entropy.RangeEncoder,129
kanzi.entropy.RangeEncoder,130
kanzi.entropy.RangeEncoder,133
kanzi.entropy.RangeEncoder,134
kanzi.entropy.RangeEncoder,136
kanzi.entropy.RangeEncoder,138
kanzi.entropy.RangeEncoder,139
kanzi.entropy.RangeEncoder,142
kanzi.entropy.RangeEncoder,143
kanzi.entropy.RangeEncoder,146
kanzi.entropy.RangeEncoder,154
kanzi.entropy.RangeEncoder,157
kanzi.entropy.RangeEncoder,160
kanzi.entropy.RangeEncoder,161
kanzi.entropy.RangeEncoder,162
kanzi.entropy.RangeEncoder,164
kanzi.entropy.RangeEncoder,166
kanzi.entropy.RangeEncoder,167
kanzi.entropy.RangeEncoder,168
kanzi.entropy.RangeEncoder,169
kanzi.entropy.RangeEncoder,172
kanzi.entropy.RangeEncoder,173
kanzi.entropy.RangeEncoder,175
kanzi.entropy.RangeEncoder,178
kanzi.entropy.RangeEncoder,179
kanzi.entropy.RangeEncoder,182
kanzi.entropy.RangeEncoder,184
kanzi.entropy.RangeEncoder,185
kanzi.entropy.RangeEncoder,188
kanzi.entropy.RangeEncoder,189
kanzi.entropy.RangeEncoder,190
kanzi.entropy.RangeEncoder,192
kanzi.entropy.RangeEncoder,199
kanzi.entropy.RangeEncoder,200
kanzi.entropy.RangeEncoder,201
kanzi.entropy.RangeEncoder,202
kanzi.entropy.RangeEncoder,203
kanzi.entropy.RangeEncoder,204
kanzi.entropy.RangeEncoder,209
kanzi.entropy.RangeEncoder,211
kanzi.entropy.RangeEncoder,212
kanzi.entropy.RangeEncoder,215
kanzi.entropy.RangeEncoder,218
kanzi.entropy.RangeEncoder,219
kanzi.entropy.RangeEncoder,220
kanzi.entropy.RangeEncoder,222
kanzi.entropy.RangeEncoder,228
kanzi.entropy.RangeEncoder,229
kanzi.entropy.RangeEncoder,243
kanzi.entropy.TPAQPredictor,50
kanzi.entropy.TPAQPredictor,113
kanzi.entropy.TPAQPredictor,150
kanzi.entropy.TPAQPredictor,168
kanzi.entropy.TPAQPredictor,169
kanzi.entropy.TPAQPredictor,221
kanzi.entropy.TPAQPredictor,222
kanzi.entropy.TPAQPredictor,223
kanzi.entropy.TPAQPredictor,224
kanzi.entropy.TPAQPredictor,225
kanzi.entropy.TPAQPredictor,226
kanzi.entropy.TPAQPredictor,228
kanzi.entropy.TPAQPredictor,232
kanzi.entropy.TPAQPredictor,233
kanzi.entropy.TPAQPredictor,234
kanzi.entropy.TPAQPredictor,238
kanzi.entropy.TPAQPredictor,240
kanzi.entropy.TPAQPredictor,241
kanzi.entropy.TPAQPredictor,242
kanzi.entropy.TPAQPredictor,244
kanzi.entropy.TPAQPredictor,246
kanzi.entropy.TPAQPredictor,251
kanzi.entropy.TPAQPredictor,253
kanzi.entropy.TPAQPredictor,255
kanzi.entropy.TPAQPredictor,257
kanzi.entropy.TPAQPredictor,259
kanzi.entropy.TPAQPredictor,262
kanzi.entropy.TPAQPredictor,264
kanzi.entropy.TPAQPredictor,265
kanzi.entropy.TPAQPredictor,268
kanzi.entropy.TPAQPredictor,269
kanzi.entropy.TPAQPredictor,270
kanzi.entropy.TPAQPredictor,272
kanzi.entropy.TPAQPredictor,273
kanzi.entropy.TPAQPredictor,274
kanzi.entropy.TPAQPredictor,275
kanzi.entropy.TPAQPredictor,277
kanzi.entropy.TPAQPredictor,278
kanzi.entropy.TPAQPredictor,280
kanzi.entropy.TPAQPredictor,281
kanzi.entropy.TPAQPredictor,282
kanzi.entropy.TPAQPredictor,283
kanzi.entropy.TPAQPredictor,284
kanzi.entropy.TPAQPredictor,285
kanzi.entropy.TPAQPredictor,286
kanzi.entropy.TPAQPredictor,287
kanzi.entropy.TPAQPredictor,288
kanzi.entropy.TPAQPredictor,289
kanzi.entropy.TPAQPredictor,290
kanzi.entropy.TPAQPredictor,291
kanzi.entropy.TPAQPredictor,292
kanzi.entropy.TPAQPredictor,293
kanzi.entropy.TPAQPredictor,300
kanzi.entropy.TPAQPredictor,301
kanzi.entropy.TPAQPredictor,302
kanzi.entropy.TPAQPredictor,304
kanzi.entropy.TPAQPredictor,306
kanzi.entropy.TPAQPredictor,307
kanzi.entropy.TPAQPredictor,308
kanzi.entropy.TPAQPredictor,309
kanzi.entropy.TPAQPredictor,310
kanzi.entropy.TPAQPredictor,311
kanzi.entropy.TPAQPredictor,312
kanzi.entropy.TPAQPredictor,313
kanzi.entropy.TPAQPredictor,316
kanzi.entropy.TPAQPredictor,319
kanzi.entropy.TPAQPredictor,320
kanzi.entropy.TPAQPredictor,321
kanzi.entropy.TPAQPredictor,322
kanzi.entropy.TPAQPredictor,324
kanzi.entropy.TPAQPredictor,327
kanzi.entropy.TPAQPredictor,328
kanzi.entropy.TPAQPredictor,330
kanzi.entropy.TPAQPredictor,332
kanzi.entropy.TPAQPredictor,333
kanzi.entropy.TPAQPredictor,334
kanzi.entropy.TPAQPredictor,335
kanzi.entropy.TPAQPredictor,340
kanzi.entropy.TPAQPredictor,341
kanzi.entropy.TPAQPredictor,343
kanzi.entropy.TPAQPredictor,344
kanzi.entropy.TPAQPredictor,347
kanzi.entropy.TPAQPredictor,350
kanzi.entropy.TPAQPredictor,358
kanzi.entropy.TPAQPredictor,359
kanzi.entropy.TPAQPredictor,360
kanzi.entropy.TPAQPredictor,361
kanzi.entropy.TPAQPredictor,362
kanzi.entropy.TPAQPredictor,363
kanzi.entropy.TPAQPredictor,364
kanzi.entropy.TPAQPredictor,365
kanzi.entropy.TPAQPredictor,366
kanzi.entropy.TPAQPredictor,367
kanzi.entropy.TPAQPredictor,368
kanzi.entropy.TPAQPredictor,369
kanzi.entropy.TPAQPredictor,370
kanzi.entropy.TPAQPredictor,371
kanzi.entropy.TPAQPredictor,372
kanzi.entropy.TPAQPredictor,373
kanzi.entropy.TPAQPredictor,374
kanzi.entropy.TPAQPredictor,375
kanzi.entropy.TPAQPredictor,376
kanzi.entropy.TPAQPredictor,377
kanzi.entropy.TPAQPredictor,378
kanzi.entropy.TPAQPredictor,379
kanzi.entropy.TPAQPredictor,380
kanzi.entropy.TPAQPredictor,381
kanzi.entropy.TPAQPredictor,383
kanzi.entropy.TPAQPredictor,386
kanzi.entropy.TPAQPredictor,389
kanzi.entropy.TPAQPredictor,392
kanzi.entropy.TPAQPredictor,393
kanzi.entropy.TPAQPredictor,398
kanzi.entropy.TPAQPredictor,399
kanzi.entropy.TPAQPredictor,400
kanzi.entropy.TPAQPredictor,403
kanzi.entropy.TPAQPredictor,406
kanzi.entropy.TPAQPredictor,408
kanzi.entropy.TPAQPredictor,412
kanzi.entropy.TPAQPredictor,413
kanzi.entropy.TPAQPredictor,415
kanzi.entropy.TPAQPredictor,419
kanzi.entropy.TPAQPredictor,420
kanzi.entropy.TPAQPredictor,426
kanzi.entropy.TPAQPredictor,428
kanzi.entropy.TPAQPredictor,429
kanzi.entropy.TPAQPredictor,434
kanzi.entropy.TPAQPredictor,437
kanzi.entropy.TPAQPredictor,439
kanzi.entropy.TPAQPredictor,440
kanzi.entropy.TPAQPredictor,441
kanzi.entropy.TPAQPredictor,443
kanzi.entropy.TPAQPredictor,445
kanzi.entropy.TPAQPredictor,446
kanzi.entropy.TPAQPredictor,448
kanzi.entropy.TPAQPredictor,449
kanzi.entropy.TPAQPredictor,451
kanzi.entropy.TPAQPredictor,452
kanzi.entropy.TPAQPredictor,453
kanzi.entropy.TPAQPredictor,456
kanzi.entropy.TPAQPredictor,459
kanzi.entropy.TPAQPredictor,465
kanzi.entropy.TPAQPredictor,467
kanzi.entropy.TPAQPredictor,468
kanzi.entropy.TPAQPredictor,471
kanzi.entropy.TPAQPredictor,472
kanzi.entropy.TPAQPredictor,478
kanzi.entropy.TPAQPredictor,479
kanzi.entropy.TPAQPredictor,480
kanzi.entropy.TPAQPredictor,488
kanzi.entropy.TPAQPredictor,506
kanzi.entropy.TPAQPredictor,507
kanzi.entropy.TPAQPredictor,508
kanzi.entropy.TPAQPredictor,509
kanzi.entropy.TPAQPredictor,510
kanzi.entropy.TPAQPredictor,511
kanzi.entropy.TPAQPredictor,517
kanzi.entropy.TPAQPredictor,519
kanzi.entropy.TPAQPredictor,520
kanzi.entropy.TPAQPredictor,523
kanzi.entropy.TPAQPredictor,524
kanzi.entropy.TPAQPredictor,527
kanzi.entropy.TPAQPredictor,528
kanzi.entropy.TPAQPredictor,529
kanzi.entropy.TPAQPredictor,530
kanzi.entropy.TPAQPredictor,531
kanzi.entropy.TPAQPredictor,532
kanzi.entropy.TPAQPredictor,533
kanzi.entropy.TPAQPredictor,534
kanzi.entropy.TPAQPredictor,535
kanzi.entropy.TPAQPredictor,540
kanzi.entropy.TPAQPredictor,541
kanzi.entropy.TPAQPredictor,542
kanzi.entropy.TPAQPredictor,543
kanzi.entropy.TPAQPredictor,544
kanzi.entropy.TPAQPredictor,545
kanzi.entropy.TPAQPredictor,546
kanzi.entropy.TPAQPredictor,547
kanzi.entropy.TPAQPredictor,550
kanzi.entropy.TPAQPredictor,554
kanzi.transform.TextCodec,324
kanzi.transform.TextCodec,334
kanzi.transform.TextCodec,350
kanzi.transform.TextCodec,609
kanzi.transform.TextCodec,610
kanzi.transform.TextCodec,821
kanzi.transform.TextCodec,1061
kanzi.transform.TextCodec,1062
kanzi.transform.TextCodec,1064
kanzi.transform.TextCodec,1067
kanzi.transform.TextCodec,1069
kanzi.transform.TextCodec,1070
kanzi.transform.TextCodec,1073
kanzi.transform.TextCodec,1074
kanzi.transform.TextCodec,1075
kanzi.transform.TextCodec,1076
kanzi.transform.TextCodec,1077
kanzi.transform.TextCodec,1078
kanzi.transform.TextCodec,1079
kanzi.transform.TextCodec,1080
kanzi.transform.TextCodec,1081
kanzi.transform.TextCodec,1082
kanzi.transform.TextCodec,1088
kanzi.transform.TextCodec,1089
kanzi.transform.TextCodec,1092
kanzi.transform.TextCodec,1094
kanzi.transform.TextCodec,1102
kanzi.transform.TextCodec,1104
kanzi.transform.TextCodec,1105
kanzi.transform.TextCodec,1109
kanzi.transform.TextCodec,1111
kanzi.transform.TextCodec,1112
kanzi.transform.TextCodec,1116
kanzi.transform.TextCodec,1117
kanzi.transform.TextCodec,1118
kanzi.transform.TextCodec,1124
kanzi.transform.TextCodec,1126
kanzi.transform.TextCodec,1129
kanzi.transform.TextCodec,1130
kanzi.transform.TextCodec,1131
kanzi.transform.TextCodec,1132
kanzi.transform.TextCodec,1133
kanzi.transform.TextCodec,1135
kanzi.transform.TextCodec,1137
kanzi.transform.TextCodec,1140
kanzi.transform.TextCodec,1144
kanzi.transform.TextCodec,1145
kanzi.transform.TextCodec,1148
kanzi.transform.TextCodec,1150
kanzi.transform.TextCodec,1152
kanzi.transform.TextCodec,1155
kanzi.transform.TextCodec,1156
kanzi.transform.TextCodec,1158
kanzi.transform.TextCodec,1159
kanzi.transform.TextCodec,1161
kanzi.transform.TextCodec,1162
kanzi.transform.TextCodec,1164
kanzi.transform.TextCodec,1165
kanzi.transform.TextCodec,1171
kanzi.transform.TextCodec,1174
kanzi.transform.TextCodec,1175
kanzi.transform.TextCodec,1177
kanzi.transform.TextCodec,1178
kanzi.transform.TextCodec,1179
kanzi.transform.TextCodec,1180
kanzi.transform.TextCodec,1181
kanzi.transform.TextCodec,1184
kanzi.transform.TextCodec,1185
kanzi.transform.TextCodec,1186
kanzi.transform.TextCodec,1188
kanzi.transform.TextCodec,1195
kanzi.transform.TextCodec,1197
kanzi.transform.TextCodec,1199
kanzi.transform.TextCodec,1201
kanzi.transform.TextCodec,1203
kanzi.transform.TextCodec,1204
kanzi.transform.TextCodec,1207
kanzi.transform.TextCodec,1209
kanzi.transform.TextCodec,1211
kanzi.transform.TextCodec,1216
kanzi.transform.TextCodec,1217
kanzi.transform.TextCodec,1218
kanzi.transform.TextCodec,1220
kanzi.transform.TextCodec,1222
kanzi.transform.TextCodec,1223
kanzi.transform.TextCodec,1224
kanzi.transform.TextCodec,1228
kanzi.transform.TextCodec,1229
kanzi.transform.TextCodec,1232
kanzi.transform.TextCodec,1235
kanzi.transform.TextCodec,1237
kanzi.transform.TextCodec,1239
kanzi.transform.TextCodec,1243
kanzi.transform.TextCodec,1249
kanzi.transform.TextCodec,1253
kanzi.transform.TextCodec,1255
kanzi.transform.TextCodec,1257
kanzi.transform.TextCodec,1260
kanzi.transform.TextCodec,1261
kanzi.transform.TextCodec,1262
kanzi.transform.TextCodec,1263
kanzi.transform.TextCodec,1264
kanzi.transform.TextCodec,1267
kanzi.transform.TextCodec,1268
kanzi.transform.TextCodec,1271
kanzi.transform.TextCodec,1308
kanzi.transform.TextCodec,1309
kanzi.transform.TextCodec,1310
kanzi.transform.TextCodec,1313
kanzi.transform.TextCodec,1315
kanzi.transform.TextCodec,1317
kanzi.transform.TextCodec,1318
kanzi.transform.TextCodec,1323
kanzi.transform.TextCodec,1324
kanzi.transform.TextCodec,1325
kanzi.transform.TextCodec,1326
kanzi.transform.TextCodec,1349
kanzi.transform.TextCodec,1378
kanzi.transform.TextCodec,1380
kanzi.transform.TextCodec,1382
kanzi.transform.TextCodec,1404
kanzi.transform.TextCodec,1406
kanzi.transform.TextCodec,1409
kanzi.transform.TextCodec,1412
kanzi.transform.TextCodec,1413
kanzi.transform.TextCodec,1415
kanzi.transform.TextCodec,1622
kanzi.transform.TransformFactory,184
kanzi.transform.X86Codec,99
kanzi.transform.X86Codec,100
kanzi.transform.X86Codec,101
kanzi.transform.X86Codec,102
kanzi.transform.X86Codec,103
